[{"model": "survey.question", "pk": 1, "fields": {"created": "2023-12-03", "author": 1, "title": "Estas familiarizado con Django?", "description": "Pregunta sobre conocimientos tecnicos del framework de python, Django"}}, {"model": "survey.question", "pk": 2, "fields": {"created": "2023-12-03", "author": 1, "title": "Que te pareció el ejercicio?", "description": "Pregunta sobre la prueba tecnica"}}, {"model": "survey.question", "pk": 3, "fields": {"created": "2023-12-03", "author": 1, "title": "Consideras que te encuentras motivado en este momento?", "description": "Pregunta sobre la motivacion del usuario"}}, {"model": "survey.question", "pk": 4, "fields": {"created": "2023-12-03", "author": 1, "title": "Estas interesado en Clarity Wave?", "description": "Pregunta sobre el interes en la empresa"}}, {"model": "survey.question", "pk": 5, "fields": {"created": "2023-12-03", "author": 1, "title": "Que tan familiarizado estas con Vue?", "description": "Pregunta sobre front end"}}, {"model": "survey.question", "pk": 6, "fields": {"created": "2023-12-03", "author": 1, "title": "Que tanto estas interesado en inteligencia artificial?", "description": "Pregunta de interes por nuevas tecnologias"}}, {"model": "survey.question", "pk": 7, "fields": {"created": "2023-12-03", "author": 1, "title": "Cual crees que es tu nivel con Django REST framework?", "description": "Pregunta sobre librerias de python"}}, {"model": "survey.question", "pk": 8, "fields": {"created": "2023-12-03", "author": 1, "title": "Te gusta el futbol?", "description": "PRegunta sobre deporte"}}, {"model": "survey.question", "pk": 9, "fields": {"created": "2023-12-03", "author": 1, "title": "Te gustan los videojuegos?", "description": "Pregunta sobre hobbies"}}, {"model": "survey.question", "pk": 10, "fields": {"created": "2023-12-03", "author": 1, "title": "Sabes tocar instrumentos muisicales?", "description": "Pregunta sobre musica"}}, {"model": "survey.question", "pk": 11, "fields": {"created": "2023-12-03", "author": 1, "title": "Que tanto sabes Ruby?", "description": "Pregunta sobre lenguajes de programacion"}}, {"model": "survey.question", "pk": 12, "fields": {"created": "2023-12-03", "author": 1, "title": "Que tanto sabes C++?", "description": "Pregunta sobre lenguajes de programacion"}}, {"model": "survey.question", "pk": 13, "fields": {"created": "2023-12-03", "author": 1, "title": "Que tanto sabes Golang?", "description": "Pregunta sobre lenguajes de programacion"}}, {"model": "survey.question", "pk": 14, "fields": {"created": "2023-12-03", "author": 3, "title": "Que tan familiarizado estas con SCRUM?", "description": "Pregunta sobre proyectos"}}, {"model": "survey.question", "pk": 15, "fields": {"created": "2023-12-03", "author": 3, "title": "Sabes usar JIRA?", "description": "PRegunta sobre herramientas de trabajo"}}, {"model": "survey.question", "pk": 16, "fields": {"created": "2023-12-03", "author": 7, "title": "Que tan efectivo crees que es esta prueba tecnica?", "description": "Pregunta sobre la prueba tecnica"}}, {"model": "survey.question", "pk": 17, "fields": {"created": "2023-12-03", "author": 7, "title": "Que tan bien te llevas con tus compañeros?", "description": "Pregunta sobre el ambiente laboral"}}, {"model": "survey.question", "pk": 18, "fields": {"created": "2023-12-03", "author": 7, "title": "Que tan bien crees que la empresa fomenta el equilibrio entre trabajo y vida personal?", "description": "Pregunta de ambiente laboral"}}, {"model": "survey.question", "pk": 19, "fields": {"created": "2023-12-03", "author": 7, "title": "Como calificarias la transparencia de las politicas de la empresa?", "description": "Pregunta de HR"}}, {"model": "survey.question", "pk": 20, "fields": {"created": "2023-12-03", "author": 7, "title": "Como califica el ambiente laboral en general?", "description": "Pregunta de HR"}}, {"model": "survey.question", "pk": 21, "fields": {"created": "2023-12-03", "author": 5, "title": "Que te parece la velocidad de respuesta de nuestro equipo tecnico?", "description": "Pregunta del area de tecnologia"}}, {"model": "survey.question", "pk": 22, "fields": {"created": "2023-12-03", "author": 5, "title": "Que tan satisfecho estas con nuestra plataforma?", "description": "Pregunta del area de tecnologia"}}, {"model": "survey.answer", "pk": 14, "fields": {"question": 1, "author": 2, "value": 4, "comment": ""}}, {"model": "survey.answer", "pk": 15, "fields": {"question": 2, "author": 2, "value": 4, "comment": ""}}, {"model": "survey.answer", "pk": 16, "fields": {"question": 4, "author": 2, "value": 5, "comment": ""}}, {"model": "survey.answer", "pk": 17, "fields": {"question": 12, "author": 2, "value": 3, "comment": ""}}, {"model": "survey.answer", "pk": 18, "fields": {"question": 6, "author": 2, "value": 5, "comment": ""}}, {"model": "survey.answer", "pk": 19, "fields": {"question": 4, "author": 3, "value": 5, "comment": ""}}, {"model": "survey.answer", "pk": 20, "fields": {"question": 2, "author": 3, "value": 5, "comment": ""}}, {"model": "survey.answer", "pk": 21, "fields": {"question": 5, "author": 3, "value": 3, "comment": ""}}, {"model": "survey.answer", "pk": 22, "fields": {"question": 15, "author": 3, "value": 5, "comment": ""}}, {"model": "survey.answer", "pk": 23, "fields": {"question": 11, "author": 5, "value": 5, "comment": ""}}, {"model": "survey.answer", "pk": 24, "fields": {"question": 3, "author": 5, "value": 1, "comment": ""}}, {"model": "survey.answer", "pk": 25, "fields": {"question": 6, "author": 7, "value": 1, "comment": ""}}, {"model": "survey.answer", "pk": 26, "fields": {"question": 4, "author": 7, "value": 1, "comment": ""}}, {"model": "survey.answer", "pk": 27, "fields": {"question": 13, "author": 7, "value": 3, "comment": ""}}, {"model": "survey.answer", "pk": 28, "fields": {"question": 16, "author": 2, "value": 4, "comment": ""}}, {"model": "survey.answer", "pk": 29, "fields": {"question": 5, "author": 2, "value": 1, "comment": ""}}, {"model": "survey.answer", "pk": 30, "fields": {"question": 15, "author": 2, "value": 4, "comment": ""}}, {"model": "survey.answer", "pk": 31, "fields": {"question": 13, "author": 2, "value": 1, "comment": ""}}, {"model": "survey.answer", "pk": 32, "fields": {"question": 10, "author": 2, "value": 4, "comment": ""}}, {"model": "survey.answer", "pk": 33, "fields": {"question": 14, "author": 2, "value": 5, "comment": ""}}, {"model": "survey.answer", "pk": 34, "fields": {"question": 2, "author": 6, "value": 5, "comment": ""}}, {"model": "survey.answer", "pk": 35, "fields": {"question": 8, "author": 6, "value": 5, "comment": ""}}, {"model": "survey.answer", "pk": 36, "fields": {"question": 19, "author": 6, "value": 4, "comment": ""}}, {"model": "survey.vote", "pk": 1, "fields": {"question": 1, "author": 2, "is_like": true}}, {"model": "survey.vote", "pk": 2, "fields": {"question": 12, "author": 2, "is_like": true}}, {"model": "survey.vote", "pk": 3, "fields": {"question": 6, "author": 2, "is_like": true}}, {"model": "survey.vote", "pk": 4, "fields": {"question": 9, "author": 2, "is_like": false}}, {"model": "survey.vote", "pk": 5, "fields": {"question": 8, "author": 2, "is_like": false}}, {"model": "survey.vote", "pk": 6, "fields": {"question": 4, "author": 3, "is_like": true}}, {"model": "survey.vote", "pk": 7, "fields": {"question": 8, "author": 3, "is_like": true}}, {"model": "survey.vote", "pk": 8, "fields": {"question": 14, "author": 3, "is_like": true}}, {"model": "survey.vote", "pk": 9, "fields": {"question": 14, "author": 5, "is_like": false}}, {"model": "survey.vote", "pk": 10, "fields": {"question": 5, "author": 5, "is_like": false}}, {"model": "survey.vote", "pk": 11, "fields": {"question": 1, "author": 5, "is_like": false}}, {"model": "survey.vote", "pk": 12, "fields": {"question": 9, "author": 7, "is_like": true}}, {"model": "survey.vote", "pk": 13, "fields": {"question": 4, "author": 7, "is_like": false}}, {"model": "survey.vote", "pk": 14, "fields": {"question": 2, "author": 7, "is_like": false}}, {"model": "survey.vote", "pk": 15, "fields": {"question": 4, "author": 5, "is_like": true}}, {"model": "survey.vote", "pk": 16, "fields": {"question": 18, "author": 2, "is_like": true}}, {"model": "survey.vote", "pk": 17, "fields": {"question": 17, "author": 2, "is_like": true}}, {"model": "survey.vote", "pk": 18, "fields": {"question": 20, "author": 2, "is_like": true}}, {"model": "survey.vote", "pk": 19, "fields": {"question": 7, "author": 2, "is_like": false}}, {"model": "survey.vote", "pk": 20, "fields": {"question": 14, "author": 2, "is_like": true}}, {"model": "survey.vote", "pk": 21, "fields": {"question": 15, "author": 6, "is_like": false}}, {"model": "survey.vote", "pk": 22, "fields": {"question": 14, "author": 6, "is_like": false}}, {"model": "survey.vote", "pk": 23, "fields": {"question": 16, "author": 6, "is_like": false}}, {"model": "survey.vote", "pk": 24, "fields": {"question": 19, "author": 6, "is_like": false}}]